순번,개봉연도,네이버ID,씨네21ID,왓챠ID,영화명,감독,제작사,수입사,배급사,개봉일,영화유형,영화형태,국적,전국스크린수,전국매출액,전국 관객수,서울매출액,서울관객수,장르,등급,영화구분
1,2015,115977,41344,mObGGj7,베테랑,류승완,"(주)외유내강,(주)필름케이",,(주)씨제이이엔엠,2015.8.5,개봉영화,장편,한국,"1,064","105,024,756,250","13,395,400","26,766,369,950","3,290,366",액션,15세이상관람가,일반영화
2,2015,121048,41610,mWyJpxy,암살,최동훈,(주)케이퍼필름,,(주)쇼박스,2015.7.22,개봉영화,장편,한국,"1,519","98,463,132,781","12,705,700","25,306,651,181","3,155,960",액션,15세이상관람가,일반영화
3,2015,98438,41335,m5xYKqW,어벤져스: 에이지 오브 울트론,조스 웨던,,월트디즈니컴퍼니코리아(주),"월트디즈니컴퍼니코리아 유한책임회사,월트디즈니컴퍼니코리아(주)",2015.4.23,개봉영화,장편,미국,"1,843","88,582,586,366","10,494,499","25,001,906,266","2,823,388",액션,12세이상관람가,일반영화
4,2015,121788,42321,mW4La3e,내부자들,우민호,(유)내부자들 문화전문회사,,(주)쇼박스,2015.11.19,개봉영화,장편,한국,"1,075","56,464,117,657","7,055,074","16,275,240,857","1,965,368",범죄,청소년관람불가,일반영화
5,2015,114249,42341,mO0gZ8X,킹스맨 : 시크릿 에이전트,매튜 본,,이십세기폭스코리아(주),이십세기폭스코리아(주),2015.2.11,개봉영화,장편,미국,706,"50,333,635,795","6,125,154","16,707,645,195","1,968,882",액션,청소년관람불가,일반영화
6,2015,121922,41903,mO0g2Yx,사도,이준익,(주)타이거픽쳐스,,(주)쇼박스,2015.9.16,개봉영화,장편,한국,"1,210","48,842,902,501","6,246,849","12,987,928,301","1,606,486",사극,12세이상관람가,일반영화
7,2015,95541,43984,mOoJKyW,미션 임파서블: 로그네이션,크리스토퍼 맥쿼리,,롯데쇼핑㈜롯데엔터테인먼트,롯데쇼핑㈜롯데엔터테인먼트,2015.7.30,개봉영화,장편,미국,"1,202","48,547,353,607","6,126,488","13,751,315,607","1,669,524",액션,15세이상관람가,일반영화
8,2015,67786,43287,mdM3emW,쥬라기 월드,콜린 트레보로우,,유니버설픽쳐스인터내셔널 코리아(유),유니버설픽쳐스인터내셔널 코리아(유),2015.6.11,개봉영화,장편,미국,"1,290","47,800,698,826","5,546,792","13,625,824,326","1,502,391",액션,12세이상관람가,일반영화
9,2015,102272,42293,m5nAkVd,연평해전,김학순,(주)로제타시네마,,(주)넥스트엔터테인먼트월드(NEW),2015.6.24,개봉영화,장편,한국,"1,013","45,560,620,330","6,043,458","9,906,059,630","1,265,879",드라마,12세이상관람가,일반영화
10,2015,120157,44062,mOVvgo8,검은 사제들,장재현,영화사 집,,(주)씨제이이엔엠,2015.11.5,개봉영화,장편,한국,"1,088","42,392,797,092","5,440,520","11,617,009,792","1,428,316",미스터리,15세이상관람가,일반영화
11,2015,129049,44965,mWwBVzq,마션,리들리 스콧,,이십세기폭스코리아(주),"월트디즈니컴퍼니코리아 유한책임회사,이십세기폭스코리아(주)",2015.10.8,개봉영화,장편,미국,"1,132","39,612,764,295","4,875,494","12,914,889,095","1,509,471",액션,12세이상관람가,일반영화
12,2015,100647,38951,m5aNrDW,히말라야,이석훈,(주)제이케이필름,,(주)씨제이이엔엠,2015.12.16,개봉영화,장편,한국,"1,009","39,469,775,448","5,129,409","9,308,851,168","1,169,945",드라마,12세이상관람가,일반영화
13,2015,115622,43423,mdEwAR2,인사이드 아웃,피트 닥터,,월트디즈니컴퍼니코리아(주),월트디즈니컴퍼니코리아(주),2015.7.9,개봉영화,장편,미국,777,"38,015,586,936","4,968,687","12,814,825,236","1,594,626",애니메이션,전체관람가,일반영화
14,2015,77768,50215,mWzVYBW,매드 맥스: 분노의 도로,조지 밀러,,워너브러더스 코리아(주),워너브러더스 코리아(주),2015.5.14,개봉영화,장편,미국,799,"32,906,364,462","3,842,441","11,443,176,062","1,271,954",액션,15세이상관람가,일반영화
15,2015,123596,41950,m5GXPvn,조선명탐정 : 사라진 놉의 딸,김석윤,청년필름(주),,(주)쇼박스,2015.2.11,개봉영화,장편,한국,811,"30,456,879,428","3,872,015","6,908,501,928","845,522",사극,12세이상관람가,일반영화
16,2015,118917,45175,m5NVEE2,인턴,낸시 마이어스,,워너브러더스 코리아(주),워너브러더스 코리아(주),2015.9.24,개봉영화,장편,미국,496,"28,517,727,148","3,610,564","10,023,591,548","1,228,195",코미디,12세이상관람가,일반영화
17,2015,69956,42571,m5QPBDd,터미네이터 제니시스,앨런 테일러,,롯데쇼핑㈜롯데엔터테인먼트,롯데쇼핑㈜롯데엔터테인먼트,2015.7.2,개봉영화,장편,미국,"1,113","26,546,725,129","3,239,371","7,364,611,329","852,065",액션,15세이상관람가,일반영화
18,2015,109905,43097,mWyJx21,분노의 질주: 더 세븐,제임스 완,,유니버설픽쳐스인터내셔널 코리아(유),유니버설픽쳐스인터내셔널 코리아(유),2015.4.1,개봉영화,장편,미국,983,"26,449,334,694","3,247,558","7,328,474,894","864,171",액션,15세이상관람가,일반영화
19,2015,100072,44412,m5eM7y5,스타워즈: 깨어난 포스,J.J. 에이브럼스,,월트디즈니컴퍼니코리아(주),월트디즈니컴퍼니코리아(주),2015.12.17,개봉영화,장편,미국,940,"24,149,478,540","2,803,234","8,142,582,481","888,167",액션,12세이상관람가,일반영화
20,2015,123277,41502,mdMgLx2,스물,이병헌,"(주)영화나무,(주)아이에이치큐",,(주)넥스트엔터테인먼트월드(NEW),2015.3.25,개봉영화,장편,한국,926,"23,558,988,686","3,044,134","5,990,587,486","740,243",코미디,15세이상관람가,일반영화
21,2015,92064,43497,mOANbld,앤트맨,페이튼 리드,,월트디즈니컴퍼니코리아(주),월트디즈니컴퍼니코리아(주),2015.9.3,개봉영화,장편,미국,949,"23,502,249,937","2,839,921","7,332,839,937","840,337",액션,12세이상관람가,일반영화
22,2015,122120,41594,mWvkD0D,극비수사,곽경택,"(주)제이콘컴퍼니,(주)영화사 신세계",,(주)쇼박스,2015.6.18,개봉영화,장편,한국,894,"22,389,535,897","2,860,786","5,828,885,297","717,981",드라마,15세이상관람가,일반영화
23,2015,109911,42316,mW4La4l,빅 히어로,"돈 홀,크리스 윌리암스",,월트디즈니컴퍼니코리아(주),월트디즈니컴퍼니코리아(주),2015.1.21,개봉영화,장편,미국,825,"21,993,119,765","2,801,949","6,512,949,165","772,249",애니메이션,전체관람가,일반영화
24,2015,129408,44635,mOPoAqa,메이즈 러너: 스코치 트라이얼,웨스 볼,,이십세기폭스코리아(주),이십세기폭스코리아(주),2015.9.16,개봉영화,장편,미국,804,"21,596,946,349","2,744,413","5,743,724,849","697,898",액션,12세이상관람가,일반영화
25,2015,124201,45198,m533Z8p,탐정 : 더 비기닝,김정훈,(주)크리픽쳐스,,(주)씨제이이엔엠,2015.9.24,개봉영화,장편,한국,764,"20,463,956,973","2,625,686","4,092,941,173","504,961",코미디,15세이상관람가,일반영화
26,2015,113351,43321,m5NVlD7,미니언즈,"피에르 꼬팽,카일 발다",,유니버설픽쳐스인터내셔널 코리아(유),유니버설픽쳐스인터내셔널 코리아(유),2015.7.29,개봉영화,장편,미국,792,"18,997,911,278","2,625,572","4,787,634,178","630,536",애니메이션,전체관람가,일반영화
27,2015,118950,44101,m5rQoaV,스파이,폴 페이그,,이십세기폭스코리아(주),이십세기폭스코리아(주),2015.5.21,개봉영화,장편,미국,665,"18,396,836,358","2,315,882","5,393,002,858","648,385",액션,15세이상관람가,일반영화
28,2015,103760,41593,m5NVVwR,강남 1970,유하,"(주)모베라픽처스,(주)쇼박스",,(주)쇼박스,2015.1.21,개봉영화,장편,한국,841,"17,717,971,499","2,192,172","4,859,661,899","586,992",액션,청소년관람불가,일반영화
29,2015,122535,42243,mWyJ1v6,악의 연대기,백운학,(주)비에이엔터테인먼트,,(주)씨제이이엔엠,2015.5.14,개봉영화,장편,한국,776,"17,360,123,332","2,192,243","4,131,865,932","498,114",스릴러,15세이상관람가,일반영화
30,2015,129050,43086,mWqJnGr,뷰티 인사이드,백,(주)용필름,,(주)넥스트엔터테인먼트월드(NEW),2015.8.20,개봉영화,장편,한국,648,"16,145,401,531","2,053,085","5,024,222,431","611,117",판타지,12세이상관람가,일반영화
31,2016,130966,44197,mWzwVq9,부산행,연상호,(주)영화사레드피터,,(주)넥스트엔터테인먼트월드(NEW),2016.7.20,개봉영화,장편,한국,"1,788","93,175,877,048","11,565,078","23,020,827,248","2,754,686",액션,15세이상관람가,일반영화
32,2016,130903,43846,m5DGE4B,검사외전,이일형,"(주)영화사 월광,(주)사나이픽처스",,(주)쇼박스,2016.2.3,개봉영화,장편,한국,"1,812","77,252,755,264","9,699,092","18,302,525,664","2,219,587",범죄,15세이상관람가,일반영화
33,2016,122527,46584,mOl44bQ,캡틴 아메리카: 시빌 워,"안소니 루소,조 루소",,월트디즈니컴퍼니코리아(주),월트디즈니컴퍼니코리아(주),2016.4.27,개봉영화,장편,미국,"1,991","72,672,111,827","8,677,249","21,248,121,149","2,400,069",액션,12세이상관람가,일반영화
34,2016,137952,47779,mW4Lzqg,밀정,김지운,"(주)다크서클픽쳐스,워너브러더스 코리아(주),(주)영화사하얼빈",,워너브러더스 코리아(주),2016.9.7,개봉영화,장편,한국,"1,444","61,158,644,831","7,487,545","15,436,298,021","1,827,424",액션,15세이상관람가,일반영화
35,2016,141104,46222,m5ZXBo0,터널,김성훈,"(주)어나더썬데이,(주)비에이엔터테인먼트",,(주)쇼박스,2016.8.10,개봉영화,장편,한국,"1,105","57,510,324,417","7,118,592","14,121,558,017","1,675,010",드라마,12세이상관람가,일반영화
36,2016,140695,46114,mOAZ86G,럭키,이계벽,(주)용필름,,(주)쇼박스,2016.10.13,개봉영화,장편,한국,"1,158","56,361,435,256","6,965,706","13,812,629,836","1,640,015",코미디,15세이상관람가,일반영화
37,2016,121051,42434,mWLjVZD,곡성,나홍진,"(주)사이드미러,이십세기폭스 인터내셔널 프로덕션",,이십세기폭스코리아(주),2016.5.12,개봉영화,장편,한국,"1,485","55,853,108,382","6,878,264","15,445,041,342","1,829,923",미스터리,15세이상관람가,일반영화
38,2016,142822,46338,m5aVlap,인천상륙작전,이재한,(주)태원엔터테인먼트,,(주)씨제이이엔엠,2016.7.27,개봉영화,장편,한국,"1,049","55,101,410,303","7,049,643","11,459,996,563","1,427,944",전쟁,12세이상관람가,일반영화
39,2016,125459,47824,mdBzV9D,닥터 스트레인지,스콧 데릭슨,,월트디즈니컴퍼니코리아(주),월트디즈니컴퍼니코리아(주),2016.10.26,개봉영화,장편,미국,"1,503","47,481,830,396","5,446,239","15,364,372,146","1,657,683",액션,12세이상관람가,일반영화
40,2016,94767,46690,m5xDyj5,덕혜옹주,허진호,"(주)하이브미디어코프,(주)영화사호필름 ,(주)디씨지플러스",,롯데쇼핑㈜롯데엔터테인먼트,2016.8.3,개봉영화,장편,한국,964,"44,344,141,109","5,593,551","10,625,578,869","1,304,324",사극,12세이상관람가,일반영화
41,2016,145162,46716,mdBzraD,마스터,조의석,영화사 집,,(주)씨제이이엔엠,2016.12.21,개봉영화,장편,한국,"1,501","39,784,641,065","4,935,320","10,109,128,465","1,211,837",액션,15세이상관람가,일반영화
42,2016,115642,47851,mW93GDZ,신비한 동물사전,데이빗 예이츠,,워너브러더스 코리아(주),워너브러더스 코리아(주),2016.11.16,개봉영화,장편,미국,"1,431","39,300,515,858","4,662,534","12,612,776,458","1,422,215",어드벤처,12세이상관람가,일반영화
43,2016,130850,46018,mOgBxPa,주토피아,"바이론 하워드,리치 무어",,월트디즈니컴퍼니코리아(주),월트디즈니컴퍼니코리아(주),2016.2.17,개봉영화,장편,미국,661,"37,077,444,042","4,703,245","12,142,771,642","1,465,960",애니메이션,전체관람가,일반영화
44,2016,123519,43311,m5xJngq,아가씨,박찬욱,"유한회사 아가씨에프에스,(주)모호필름,(주)용필름",,(주)씨제이이엔엠,2016.6.1,개봉영화,장편,한국,"1,171","35,114,332,791","4,277,071","10,881,501,871","1,283,972",스릴러,청소년관람불가,일반영화
45,2016,132933,43291,m5XMqmD,판도라,박정우,(주)씨에이씨엔터테인먼트,,(주)넥스트엔터테인먼트월드(NEW),2016.12.7,개봉영화,장편,한국,"1,166","33,856,670,164","4,301,361","6,940,555,164","846,789",드라마,12세이상관람가,일반영화
46,2016,97692,45092,m5QZ8QW,쿵푸팬더3,"여인영,알레산드로 칼로니",드림웍스 애니메이션,(주)씨제이이엔엠,(주)씨제이이엔엠,2016.1.28,개봉영화,장편,미국,"1,365","31,340,798,156","3,984,812","8,695,148,256","1,045,418",애니메이션,전체관람가,일반영화
47,2016,75426,45320,mWJjpQW,데드풀,팀 밀러,,이십세기폭스코리아(주),"월트디즈니컴퍼니코리아 유한책임회사,이십세기폭스코리아(주)",2016.2.17,개봉영화,장편,미국,"1,036","27,595,618,651","3,317,196","9,150,924,002","1,062,535",액션,청소년관람불가,일반영화
48,2016,135843,47031,mdjaXqq,귀향,조정래,주식회사 제이오엔터테인먼트코리아,,(주)와우픽쳐스,2016.2.24,개봉영화,장편,한국,876,"27,245,051,990","3,586,523","6,310,471,892","801,788",드라마,15세이상관람가,일반영화
49,2016,113344,46662,mdja0A9,나우 유 씨 미 2,존 추,,롯데쇼핑㈜롯데엔터테인먼트,롯데쇼핑㈜롯데엔터테인먼트,2016.7.13,개봉영화,장편,미국,"1,200","25,116,690,113","3,100,113","7,162,588,413","850,601",범죄,12세이상관람가,일반영화
50,2016,119430,46688,mOgBBP9,엑스맨: 아포칼립스,브라이언 싱어,,이십세기폭스코리아(주),이십세기폭스코리아(주),2016.5.25,개봉영화,장편,미국,"1,262","24,467,887,950","2,938,818","7,495,864,450","847,621",액션,12세이상관람가,일반영화
51,2016,142803,45809,md6YxNy,형,권수경,굿초이스컷픽쳐스(주),,(주)씨제이이엔엠,2016.11.23,개봉영화,장편,한국,993,"23,113,768,293","2,979,659","5,470,616,143","673,565",코미디,12세이상관람가,일반영화
52,2016,129383,47590,mdMgK6w,미스 페레그린과 이상한 아이들의 집,팀 버튼,,이십세기폭스코리아(주),이십세기폭스코리아(주),2016.9.28,개봉영화,장편,미국,904,"21,841,214,586","2,718,158","6,220,296,286","737,280",미스터리,12세이상관람가,일반영화
53,2016,122489,46158,md76Zxv,정글북,존 파브로,,월트디즈니컴퍼니코리아(주),월트디즈니컴퍼니코리아(주),2016.6.9,개봉영화,장편,미국,924,"21,457,807,134","2,532,051","6,360,280,354","702,113",어드벤처,12세이상관람가,일반영화
54,2016,144968,47258,m5nQjaD,제이슨 본,폴 그린그래스,,유니버설픽쳐스인터내셔널 코리아(유),유니버설픽쳐스인터내셔널 코리아(유),2016.7.27,개봉영화,장편,미국,827,"21,253,434,663","2,611,966","6,707,397,843","797,790",액션,15세이상관람가,일반영화
55,2016,97629,46551,m5noeYW,도리를 찾아서,앤드류 스탠튼,,월트디즈니컴퍼니코리아(주),월트디즈니컴퍼니코리아(주),2016.7.6,개봉영화,장편,미국,"1,091","20,703,899,933","2,601,734","6,199,961,913","724,706",애니메이션,전체관람가,일반영화
56,2016,44913,46082,m5YyM35,아수라,김성수,(주)사나이픽처스,,(주)씨제이이엔엠,2016.9.28,개봉영화,장편,한국,"1,278","20,576,226,662","2,594,028","5,577,412,282","676,676",범죄,청소년관람불가,일반영화
57,2016,134963,48621,m5GXz42,라라랜드,데이미언 셔젤,,판씨네마(주),판씨네마(주),2016.12.7,개봉영화,장편,미국,727,"19,993,531,232","2,384,782","8,520,674,132","987,682",드라마,12세이상관람가,일반영화
58,2016,134980,46099,mO8KGMx,마이펫의 이중생활,크리스 리노드,,유니버설픽쳐스인터내셔널 코리아(유),유니버설픽쳐스인터내셔널 코리아(유),2016.8.3,개봉영화,장편,미국,726,"19,379,904,655","2,517,805","5,360,235,715","656,542",애니메이션,전체관람가,일반영화
59,2016,109960,44307,mdKBRkR,배트맨 대 슈퍼맨: 저스티스의 시작,잭 스나이더,,워너브러더스 코리아(주),워너브러더스 코리아(주),2016.3.24,개봉영화,장편,미국,"1,709","18,906,246,428","2,256,913","5,864,824,079","663,637",액션,12세이상관람가,일반영화
60,2016,139700,44462,mOPoLaP,굿바이 싱글,김태곤,"호두앤유 엔터테인먼트(주),(주)영화사람",,(주)쇼박스,2016.6.29,개봉영화,장편,한국,841,"16,912,706,195","2,108,273","4,380,827,515","527,830",코미디,15세이상관람가,일반영화
61,2017,146469,48137,mdBzP4A,택시운전사,장훈,더램프(주),,(주)쇼박스,2017.8.2,개봉영화,장편,한국,"1,906","95,282,655,549","12,099,614","22,185,947,699","2,729,766",드라마,15세이상관람가,일반영화
62,2017,85579,46803,mWw8zEO,신과함께-죄와 벌,김용화,"리얼라이즈픽쳐스(주),(주)덱스터스튜디오",,롯데쇼핑㈜롯데엔터테인먼트,2017.12.20,개봉영화,장편,한국,"1,912","68,350,496,432","8,539,495","16,324,526,082","1,984,373",판타지,12세이상관람가,일반영화
63,2017,142384,47462,mWyJbM1,공조,김성훈,"(주)제이케이필름,(주)씨제이이엔엠,영화사 이창,(주)에이치비엔터테인먼트",,(주)씨제이이엔엠,2017.1.18,개봉영화,장편,한국,976,"63,781,731,326","7,817,446","14,672,808,676","1,744,624",액션,15세이상관람가,일반영화
64,2017,135874,49695,m5Qq28G,스파이더맨: 홈 커밍,존 왓츠,,소니픽쳐스엔터테인먼트코리아주식회사극장배급지점,소니픽쳐스엔터테인먼트코리아주식회사극장배급지점,2017.7.5,개봉영화,장편,미국,"1,965","59,120,173,820","7,257,973","16,753,103,620","1,969,107",액션,12세이상관람가,일반영화
65,2017,161242,50331,mObG11N,범죄도시,강윤성,"(주)홍필름,(주)비에이엔터테인먼트",,"메가박스중앙(주)플러스엠,(주)키위미디어그룹",2017.10.3,개봉영화,장편,한국,"1,315","56,077,813,249","6,851,297","14,046,905,449","1,670,254",범죄,청소년관람불가,일반영화
66,2017,146506,46993,mdMgK1o,군함도,류승완,"(주)외유내강,(주)필름케이",,(주)씨제이이엔엠,2017.7.26,개봉영화,장편,한국,"2,027","50,510,565,168","6,592,151","11,091,878,868","1,398,649",액션,15세이상관람가,일반영화
67,2017,153652,48957,m5nQDa3,청년경찰,김주환,"(주)무비락,(주)도서관옆스튜디오,베리굿스튜디오(주)",,롯데쇼핑㈜롯데엔터테인먼트,2017.8.9,개봉영화,장편,한국,"1,102","44,241,099,316","5,636,259","9,885,607,016","1,207,318",액션,15세이상관람가,일반영화
68,2017,144314,47061,md76ze8,더 킹,한재림,(주)매그넘나인,,(주)넥스트엔터테인먼트월드(NEW),2017.1.18,개봉영화,장편,한국,"1,310","43,486,078,535","5,316,325","11,144,618,435","1,318,493",범죄,15세이상관람가,일반영화
69,2017,136872,48220,mOAZ8QZ,미녀와 야수,빌 콘돈,,월트디즈니컴퍼니코리아 유한책임회사,월트디즈니컴퍼니코리아 유한책임회사,2017.3.16,개봉영화,장편,미국,"1,627","42,130,589,579","5,137,993","13,177,630,229","1,531,839",멜로/로맨스,전체관람가,일반영화
70,2017,149747,50656,mOVvVxY,킹스맨 : 골든 서클,매튜 본,,이십세기폭스코리아(주),이십세기폭스코리아(주),2017.9.27,개봉영화,장편,미국,"1,687","40,987,484,736","4,945,484","12,306,638,886","1,419,759",액션,청소년관람불가,일반영화
71,2017,134898,50657,mdBzrpD,토르: 라그나로크,타이카 와이티티,,월트디즈니컴퍼니코리아 유한책임회사,월트디즈니컴퍼니코리아 유한책임회사,2017.10.25,개봉영화,장편,미국,"1,640","39,227,691,395","4,853,778","12,078,816,595","1,417,791",액션,12세이상관람가,일반영화
72,2017,155665,49982,m533vQ2,강철비,양우석,"(주)와이웍스엔터테인먼트,(주)모팩",,(주)넥스트엔터테인먼트월드(NEW),2017.12.14,개봉영화,장편,한국,"1,426","31,983,233,566","4,012,889","7,836,617,016","954,933",액션,15세이상관람가,일반영화
73,2017,152385,48369,m5eJD2R,꾼,장창원,(주)영화사두둥,,(주)쇼박스,2017.11.22,개봉영화,장편,한국,"1,314","31,312,029,795","4,018,035","7,524,164,445","931,841",범죄,15세이상관람가,일반영화
74,2017,150637,49362,mOo0DqZ,남한산성,황동혁,(주)싸이런픽쳐스,,(주)씨제이이엔엠,2017.10.3,개봉영화,장편,한국,"1,229","31,067,321,992","3,829,891","7,375,553,392","889,444",사극,15세이상관람가,일반영화
75,2017,120160,47060,m5DGKl1,미이라,알렉스 커츠먼,,유니버설픽쳐스인터내셔널 코리아(유),유니버설픽쳐스인터내셔널 코리아(유),2017.6.6,개봉영화,장편,미국,"1,257","30,504,689,978","3,689,325","7,851,059,428","909,202",액션,15세이상관람가,일반영화
76,2017,140731,49729,mOk6EwQ,분노의 질주: 더 익스트림,F. 게리 그레이,,유니버설픽쳐스인터내셔널 코리아(유),유니버설픽쳐스인터내셔널 코리아(유),2017.4.12,개봉영화,장편,미국,"1,469","29,981,156,348","3,653,238","7,936,210,998","932,027",액션,15세이상관람가,일반영화
77,2017,150198,48895,mOo0PkN,너의 이름은.,신카이 마코토,,(주)미디어캐슬,메가박스중앙(주)플러스엠,2017.1.4,개봉영화,장편,일본,947,"29,248,867,156","3,637,122","9,352,306,256","1,124,392",애니메이션,12세이상관람가,일반영화
78,2017,161850,51372,m5eJ1wR,아이 캔 스피크,김현석,"주식회사 영화사 시선,(주)명필름",,"롯데쇼핑㈜롯데엔터테인먼트,(주)리틀빅픽쳐스",2017.9.21,개봉영화,장편,한국,"1,140","25,526,451,186","3,279,296","6,406,642,486","796,298",코미디,12세이상관람가,일반영화
79,2017,82473,50077,md71l1W,캐리비안의 해적: 죽은 자는 말이 없다,"요아킴 뢰닝,에스펜 샌버그",,월트디즈니컴퍼니코리아 유한책임회사,월트디즈니컴퍼니코리아 유한책임회사,2017.5.24,개봉영화,장편,미국,"1,357","24,975,495,122","3,049,894","7,206,844,722","839,897",액션,12세이상관람가,일반영화
80,2017,146480,48180,m5NVjDa,덩케르크,크리스토퍼 놀란,,워너브러더스 코리아(주),워너브러더스 코리아(주),2017.7.20,개봉영화,장편,미국,"1,252","24,550,541,348","2,788,732","9,437,670,298","986,967",액션,12세이상관람가,일반영화
81,2017,132626,50371,m533vG6,슈퍼배드 3,"피에르 꼬팽,카일 발다",,유니버설픽쳐스인터내셔널 코리아(유),유니버설픽쳐스인터내셔널 코리아(유),2017.7.26,개봉영화,장편,미국,"1,057","24,216,987,019","3,324,861","5,558,252,919","723,552",애니메이션,전체관람가,일반영화
82,2017,146517,47445,mOo0PKZ,프리즌,나현,(주)큐로홀딩스,,(주)쇼박스,2017.3.23,개봉영화,장편,한국,"1,047","23,790,276,987","2,931,897","5,681,060,637","679,455",범죄,청소년관람불가,일반영화
83,2017,127398,47931,mObGr9R,가디언즈 오브 갤럭시 VOL. 2,제임스 건,,월트디즈니컴퍼니코리아 유한책임회사,월트디즈니컴퍼니코리아 유한책임회사,2017.5.3,개봉영화,장편,미국,"1,218","23,452,674,686","2,735,719","7,669,006,186","854,131",액션,12세이상관람가,일반영화
84,2017,123630,48951,m533xRq,트랜스포머: 최후의 기사,마이클 베이,,롯데쇼핑㈜롯데엔터테인먼트,롯데쇼핑㈜롯데엔터테인먼트,2017.6.21,개봉영화,장편,미국,"1,739","21,501,959,228","2,614,601","5,273,073,728","609,345",액션,12세이상관람가,일반영화
85,2017,137890,47813,mOk6ENg,살인자의 기억법,원신연,"(주)쇼박스,(주)더블유픽처스,(주)그린피쉬,영화사 이창",,(주)쇼박스,2017.9.6,개봉영화,장편,한국,"1,064","21,361,479,492","2,656,694","5,389,419,142","643,595",범죄,15세이상관람가,일반영화
86,2017,146524,48490,mW4LxAo,보안관,김형주,"(주)영화사 월광,(주)사나이픽처스",,롯데쇼핑㈜롯데엔터테인먼트,2017.5.3,개봉영화,장편,한국,"1,091","20,697,532,509","2,571,491","4,093,422,209","491,530",범죄,15세이상관람가,일반영화
87,2017,127382,45255,mO1VzlQ,조작된 도시,박광현,"(주)티피에스컴퍼니,(주)영화사심플렉스,컬쳐메이트",,(주)씨제이이엔엠,2017.2.9,개봉영화,장편,한국,"1,019","20,119,979,587","2,512,572","4,696,743,687","564,486",범죄,15세이상관람가,일반영화
88,2017,149512,48859,m533vG6,재심,김태윤,(주)이디오플랜,,"오퍼스픽쳐스(유),CGV아트하우스",2017.2.15,개봉영화,장편,한국,935,"19,263,100,637","2,420,729","4,569,982,837","555,767",드라마,15세이상관람가,일반영화
89,2017,129094,50469,mOgBMKA,보스 베이비,톰 맥그라스,,(주)씨제이이엔엠,(주)씨제이이엔엠,2017.5.3,개봉영화,장편,미국,"1,116","18,918,869,704","2,450,023","4,724,943,504","582,820",애니메이션,전체관람가,일반영화
90,2017,155716,49794,mObG9n7,박열,이준익,(유)박열문화전문회사,,메가박스중앙(주)플러스엠,2017.6.28,개봉영화,장편,한국,"1,176","18,093,543,795","2,359,174","4,921,077,395","623,230",드라마,12세이상관람가,일반영화
91,2018,167697,52855,mOVvDjg,신과함께-인과 연,김용화,"리얼라이즈픽쳐스(주),(주)덱스터스튜디오",,롯데컬처웍스(주)롯데엔터테인먼트,2018.8.1,개봉영화,장편,한국,"2,235","102,476,768,809","12,253,247","22,905,551,759","2,636,542",판타지,12세이상관람가,일반영화
92,2018,136315,52132,m5DGQDQ,어벤져스: 인피니티 워,"안소니 루소,조 루소",,월트디즈니컴퍼니코리아 유한책임회사,월트디즈니컴퍼니코리아 유한책임회사,2018.4.25,개봉영화,장편,미국,"2,553","99,919,006,769","11,211,880","28,631,269,069","3,008,819",액션,12세이상관람가,일반영화
93,2018,156464,52808,mWJyDKM,보헤미안 랩소디,브라이언 싱어,,이십세기폭스코리아(주),"월트디즈니컴퍼니코리아 유한책임회사,이십세기폭스코리아(주)",2018.10.31,개봉영화,장편,미국,936,"80,010,440,345","9,224,582","25,921,653,295","2,878,878",드라마,12세이상관람가,일반영화
94,2018,154222,52286,m5xJNLq,미션 임파서블: 폴아웃,크리스토퍼 맥쿼리,파라마운트 픽쳐스,롯데컬처웍스(주)롯데엔터테인먼트,롯데컬처웍스(주)롯데엔터테인먼트,2018.7.25,개봉영화,장편,미국,"1,957","55,888,375,112","6,584,915","14,891,043,562","1,686,255",액션,15세이상관람가,일반영화
95,2018,154285,52185,mObG1vX,쥬라기 월드: 폴른 킹덤,후안 안토니오 바요나,,유니버설픽쳐스인터내셔널 코리아(유),유니버설픽쳐스인터내셔널 코리아(유),2018.6.6,개봉영화,장편,미국,"1,972","49,770,711,037","5,661,128","12,526,470,537","1,342,621",액션,12세이상관람가,일반영화
96,2018,144330,52289,mdMgNAJ,앤트맨과 와스프,페이튼 리드,,월트디즈니컴퍼니코리아 유한책임회사,월트디즈니컴퍼니코리아 유한책임회사,2018.7.4,개봉영화,장편,미국,"1,775","47,465,443,185","5,447,826","13,821,594,585","1,503,229",액션,12세이상관람가,일반영화
97,2018,163533,51234,mOPoV8w,안시성,김광식,"(주)영화사수작,(주)스튜디오앤뉴,모티브픽쳐스(주)",,(주)넥스트엔터테인먼트월드(NEW),2018.9.19,개봉영화,장편,한국,"1,540","46,335,334,026","5,440,186","10,028,662,426","1,146,191",사극,12세이상관람가,일반영화
98,2018,137326,51036,mWzw7oZ,블랙 팬서,라이언 쿠글러,,월트디즈니컴퍼니코리아 유한책임회사,월트디즈니컴퍼니코리아 유한책임회사,2018.2.14,개봉영화,장편,미국,"1,620","45,883,143,457","5,398,994","13,105,688,057","1,468,761",액션,12세이상관람가,일반영화
99,2018,167638,52252,m5m1YNG,완벽한 타인,이재규,"(주)필름몬스터,드라마하우스(주)",,롯데컬처웍스(주)롯데엔터테인먼트,2018.10.31,개봉영화,장편,한국,"1,313","44,350,807,074","5,293,435","11,865,584,474","1,372,767",드라마,15세이상관람가,일반영화
100,2018,158178,51228,mWLjDm6,독전,이해영,"(주)용필름,보야저필름",,(주)넥스트엔터테인먼트월드(NEW),2018.5.22,개봉영화,장편,한국,"1,357","43,484,892,913","5,063,620","10,658,158,413","1,201,461",범죄,15세이상관람가,일반영화
101,2018,153687,49799,mdRLQZ4,공작,윤종빈,"(주)영화사 월광,(주)사나이픽처스",,(주)씨제이이엔엠,2018.8.8,개봉영화,장편,한국,"1,317","42,759,410,176","4,971,261","10,296,507,676","1,158,151",드라마,12세이상관람가,일반영화
102,2018,149236,52075,mWvkxbr,데드풀2,데이빗 레이치,,이십세기폭스코리아(주),이십세기폭스코리아(주),2018.5.16,개봉영화,장편,미국,"1,576","34,185,664,639","3,784,602","10,757,126,939","1,145,250",액션,청소년관람불가,일반영화
103,2018,119428,52462,mdRLbZr,베놈,루벤 플레셔,,소니픽쳐스엔터테인먼트코리아주식회사극장배급지점,소니픽쳐스엔터테인먼트코리아주식회사극장배급지점,2018.10.3,개봉영화,장편,미국,"1,308","34,100,211,207","3,888,096","9,452,036,857","1,026,909",액션,15세이상관람가,일반영화
104,2018,167105,53224,mWyJa2k,암수살인,김태균,"(주)필름295,(주)블러썸픽쳐스",,(주)쇼박스,2018.10.3,개봉영화,장편,한국,"1,177","32,855,895,548","3,772,620","7,777,232,448","862,386",범죄,15세이상관람가,일반영화
105,2018,164192,53683,mWJyX7x,국가부도의 날,최국희,영화사 집,,(주)씨제이이엔엠,2018.11.28,개봉영화,장편,한국,"1,180","30,845,862,137","3,747,952","7,969,879,237","934,280",드라마,12세이상관람가,일반영화
106,2018,151153,52287,mWqJbZX,아쿠아맨,제임스 완,,워너브러더스 코리아(주),워너브러더스 코리아(주),2018.12.19,개봉영화,장편,미국,"1,285","30,454,292,381","3,491,857","8,140,709,631","892,939",액션,12세이상관람가,일반영화
107,2018,151728,51269,mWvkXvZ,코코,리 언크리치,,월트디즈니컴퍼니코리아 유한책임회사,월트디즈니컴퍼니코리아 유한책임회사,2018.1.11,개봉영화,장편,미국,"1,177","27,685,479,440","3,510,017","8,547,812,240","1,024,250",애니메이션,전체관람가,일반영화
108,2018,158180,51002,mWwBw83,그것만이 내 세상,최성현,"(주)제이케이필름,(주)씨제이이엔엠",,(주)씨제이이엔엠,2018.1.17,개봉영화,장편,한국,862,"27,441,213,382","3,417,629","6,258,257,482","759,455",코미디,12세이상관람가,일반영화
109,2018,175322,52801,m5Y6LNl,마녀,박훈정,"(주)영화사 금월,(주)페퍼민트앤컴퍼니",,워너브러더스 코리아(주),2018.6.27,개봉영화,장편,한국,"1,117","27,242,029,463","3,189,091","6,459,959,863","732,154",미스터리,15세이상관람가,일반영화
110,2018,159892,51034,mWwBw83,탐정: 리턴즈,이언희,(주)크리픽쳐스,,(주)씨제이이엔엠,2018.6.13,개봉영화,장편,한국,"1,041","26,865,721,678","3,148,038","5,989,673,378","680,077",코미디,15세이상관람가,일반영화
111,2018,172425,52880,mdjawmz,서치,아니쉬 차간티,,소니픽쳐스엔터테인먼트코리아주식회사극장배급지점,소니픽쳐스엔터테인먼트코리아주식회사극장배급지점,2018.8.29,개봉영화,장편,미국,816,"25,283,364,845","2,949,944","8,341,418,045","945,989",드라마,12세이상관람가,일반영화
112,2018,136990,52292,mO2Mz40,인크레더블 2,브래드 버드,,월트디즈니컴퍼니코리아 유한책임회사,월트디즈니컴퍼니코리아 유한책임회사,2018.7.18,개봉영화,장편,미국,"1,605","24,554,683,588","3,033,052","7,611,573,288","880,527",애니메이션,전체관람가,일반영화
113,2018,140652,52913,mdKBpoY,너의 결혼식,이석근,"(주)필름케이,(주)외유내강",,메가박스중앙(주)플러스엠,2018.8.22,개봉영화,장편,한국,962,"23,670,604,369","2,820,029","5,852,853,319","666,845",멜로/로맨스,12세이상관람가,일반영화
114,2018,169015,52237,mdjawEN,목격자,조규장,(주)에이디사공육,,(주)넥스트엔터테인먼트월드(NEW),2018.8.15,개봉영화,장편,한국,"1,021","21,732,042,597","2,524,086","4,600,434,447","514,732",스릴러,15세이상관람가,일반영화
115,2018,172454,52318,m5rQwBD,곤지암,정범식,(주)하이브미디어코프,,(주)쇼박스,2018.3.28,개봉영화,장편,한국,"1,124","21,442,114,144","2,675,559","4,978,152,594","596,536",공포(호러),15세이상관람가,일반영화
116,2018,154255,52068,mdRLZVK,신비한 동물들과 그린델왈드의 범죄,데이빗 예이츠,,워너브러더스 코리아(주),워너브러더스 코리아(주),2018.11.14,개봉영화,장편,미국,"1,601","20,816,583,118","2,414,062","6,579,253,518","721,713",판타지,12세이상관람가,일반영화
117,2018,168298,51521,m5GXDep,지금 만나러 갑니다,이장훈,"(주)무비락,(주)도서관옆스튜디오,(주)푸른나무픽쳐스",,롯데쇼핑㈜롯데엔터테인먼트,2018.3.14,개봉영화,장편,한국,"1,163","20,800,916,128","2,602,273","5,390,273,428","652,981",멜로/로맨스,12세이상관람가,일반영화
118,2018,136898,52072,mOVvJ68,레디 플레이어 원,스티븐 스필버그,,워너브러더스 코리아(주),워너브러더스 코리아(주),2018.3.28,개봉영화,장편,미국,"1,079","19,933,108,071","2,254,430","7,259,199,621","763,259",액션,12세이상관람가,일반영화
119,2018,165748,52234,mOPo097,조선명탐정: 흡혈괴마의 비밀,김석윤,청년필름(주),,(주)쇼박스,2018.2.8,개봉영화,장편,한국,"1,249","19,690,818,764","2,424,330","4,072,581,264","490,363",사극,12세이상관람가,일반영화
120,2018,164115,52484,mOAZzXj,맘마미아!2,올 파커,,유니버설픽쳐스인터내셔널 코리아(유),유니버설픽쳐스인터내셔널 코리아(유),2018.8.8,개봉영화,장편,미국,750,"19,532,365,003","2,285,143","6,377,571,153","732,343",뮤지컬,12세이상관람가,일반영화
121,2019,167651,52541,mdMBlkR,극한직업,이병헌,"(주)어바웃필름,영화사 해그림 주식회사,(주)씨제이이엔엠",,(주)씨제이이엔엠,2019.1.23,개봉영화,장편,한국,"1,978","139,647,979,516","16,264,944","31,858,660,536","3,638,287",코미디,15세이상관람가,일반영화
122,2019,136900,54122,mdBzNnP,어벤져스: 엔드게임,"안소니 루소,조 루소",,월트디즈니컴퍼니코리아 유한책임회사,월트디즈니컴퍼니코리아 유한책임회사,2019.4.24,개봉영화,장편,미국,"2,835","122,182,694,160","13,934,592","33,577,136,860","3,597,963",액션,12세이상관람가,일반영화
123,2019,136873,54366,mOAZ6Rl,겨울왕국 2,"크리스 벅,제니퍼 리",,월트디즈니컴퍼니코리아 유한책임회사,월트디즈니컴퍼니코리아 유한책임회사,2019.11.21,개봉영화,장편,미국,"2,648","111,596,248,720","13,369,064","27,828,487,460","3,113,576",애니메이션,전체관람가,일반영화
124,2019,163788,53995,m5ewr3z,알라딘,가이 리치,,월트디즈니컴퍼니코리아 유한책임회사,월트디즈니컴퍼니코리아 유한책임회사,2019.5.23,개봉영화,장편,미국,"1,311","106,955,138,359","12,552,283","30,198,375,039","3,374,837",어드벤처,전체관람가,일반영화
125,2019,161967,52641,mdRL4eL,기생충,봉준호,(주)바른손이앤에이,,(주)씨제이이엔엠,2019.5.30,개봉영화,장편,한국,"1,948","85,883,963,645","10,085,275","23,443,568,915","2,692,855",드라마,15세이상관람가,일반영화
126,2019,174903,52729,mdErj22,엑시트,이상근,"(주)외유내강,(주)필름케이",,(주)씨제이이엔엠,2019.7.31,개봉영화,장편,한국,"1,660","79,232,012,162","9,426,011","18,533,549,352","2,132,869",코미디,12세이상관람가,일반영화
127,2019,173123,54232,m5nQrpo,스파이더맨: 파 프롬 홈,존 왓츠,,소니픽쳐스엔터테인먼트코리아주식회사극장배급지점,소니픽쳐스엔터테인먼트코리아주식회사극장배급지점,2019.7.2,개봉영화,장편,미국,"2,142","69,000,711,100","8,020,208","18,515,112,400","2,051,196",액션,12세이상관람가,일반영화
128,2019,187940,55486,m5X2Mlz,백두산,"이해준,김병서","주식회사 덱스터 픽쳐스,(주)퍼펙트스톰필름,(주)씨제이이엔엠",,"(주)씨제이이엔엠,(주)덱스터스튜디오",2019.12.19,개봉영화,장편,한국,"1,971","52,905,789,770","6,290,502","11,465,394,430","1,318,183",어드벤처,12세이상관람가,일반영화
129,2019,132623,53382,mWvkVBx,캡틴 마블,"애너 보든,라이언 플렉",,월트디즈니컴퍼니코리아 유한책임회사,월트디즈니컴퍼니코리아 유한책임회사,2019.3.6,개봉영화,장편,미국,"2,100","51,491,272,223","5,801,069","15,433,909,683","1,650,932",액션,12세이상관람가,일반영화
130,2019,167613,55262,m5Q9Zg8,조커,토드 필립스,,워너브러더스 코리아(주),워너브러더스 코리아(주),2019.10.2,개봉영화,장편,미국,"1,418","45,380,235,450","5,247,794","14,670,413,840","1,634,834",액션,15세이상관람가,일반영화
131,2019,169637,54057,m5ZZ2P9,라이온 킹,존 파브로,,월트디즈니컴퍼니코리아 유한책임회사,월트디즈니컴퍼니코리아 유한책임회사,2019.7.17,개봉영화,장편,미국,"1,936","41,518,977,430","4,743,184","11,620,751,790","1,218,042",어드벤처,전체관람가,일반영화
132,2019,178526,53190,md7r0l1,봉오동 전투,원신연,"(주)빅스톤픽쳐스,(주)더블유픽처스,(주)쇼박스",,(주)쇼박스,2019.8.7,개봉영화,장편,한국,"1,476","40,514,276,538","4,779,501","7,782,799,628","891,383",사극,15세이상관람가,일반영화
133,2019,177909,55013,mOAGn1P,나쁜 녀석들: 더 무비,손용호,"(주)씨제이이엔엠,(주)영화사비단길",,(주)씨제이이엔엠,2019.9.11,개봉영화,장편,한국,"1,511","39,560,195,124","4,573,902","8,008,441,184","905,239",범죄,15세이상관람가,일반영화
134,2019,182355,54277,md6aNlY,분노의 질주: 홉스&쇼,데이빗 레이치,,유니버설픽쳐스인터내셔널 코리아(유),유니버설픽쳐스인터내셔널 코리아(유),2019.8.14,개봉영화,장편,미국,"1,311","32,241,767,793","3,657,536","7,717,831,533","839,251",액션,12세이상관람가,일반영화
135,2019,179482,55328,mOk6jbp,82년생 김지영,김도영,(주)봄바람영화사,,롯데컬처웍스(주)롯데엔터테인먼트,2019.10.23,개봉영화,장편,한국,"1,486","30,298,542,310","3,678,156","8,396,050,370","994,663",드라마,12세이상관람가,일반영화
136,2019,177967,53051,mOVDa1p,악인전,이원태,(주)비에이엔터테인먼트,,"(주)에이스메이커무비웍스,(주)키위미디어그룹",2019.5.15,개봉영화,장편,한국,"1,307","29,128,292,150","3,364,079","6,407,047,240","722,563",범죄,청소년관람불가,일반영화
137,2019,163608,50784,md76YRp,돈,박누리,"(주)사나이픽처스,(주)영화사 월광",,(주)쇼박스,2019.3.20,개봉영화,장편,한국,"1,431","28,869,614,062","3,389,035","7,287,586,982","833,513",범죄,15세이상관람가,일반영화
138,2019,101966,54019,m5XV8LO,토이 스토리 4,조시 쿨리,,월트디즈니컴퍼니코리아 유한책임회사,월트디즈니컴퍼니코리아 유한책임회사,2019.6.20,개봉영화,장편,미국,"1,336","28,757,726,040","3,399,913","9,071,405,870","1,009,214",애니메이션,전체관람가,일반영화
139,2019,182205,54181,m5Zlv8K,가장 보통의 연애,김한결,영화사 집,,(주)넥스트엔터테인먼트월드(NEW),2019.10.2,개봉영화,장편,한국,"1,073","24,822,316,930","2,917,213","6,614,922,790","753,953",멜로/로맨스,15세이상관람가,일반영화
140,2019,167699,54047,mdjwRKw,말모이,엄유나,더램프(주),,롯데컬처웍스(주)롯데엔터테인먼트,2019.1.9,개봉영화,장편,한국,"1,203","23,682,638,520","2,812,444","5,900,912,990","681,266",드라마,12세이상관람가,일반영화
141,2019,183876,54477,mOVPvvB,시동,최정열,(주)외유내강,,(주)넥스트엔터테인먼트월드(NEW),2019.12.18,개봉영화,장편,한국,"1,515","21,236,477,800","2,525,986","4,648,048,780","536,034",드라마,15세이상관람가,일반영화
142,2019,189053,55362,mdj2axJ,블랙머니,정지영,"유한회사 질라라비,(주)아우라픽처스",,(주)에이스메이커무비웍스,2019.11.13,개봉영화,장편,한국,"1,117","20,744,296,510","2,464,978","5,030,225,390","578,800",범죄,12세이상관람가,일반영화
143,2019,177374,54144,mdjwR8l,증인,이한,"(주)무비락,(주)도서관옆스튜디오",,롯데컬처웍스(주)롯데엔터테인먼트,2019.2.13,개봉영화,장편,한국,"1,047","20,312,348,931","2,516,128","4,478,036,341","547,326",드라마,12세이상관람가,일반영화
144,2019,167605,54815,m5Q9ZMR,터미네이터: 다크 페이트,팀 밀러,,월트디즈니컴퍼니코리아 유한책임회사,월트디즈니컴퍼니코리아 유한책임회사,2019.10.30,개봉영화,장편,미국,"1,315","20,153,895,830","2,409,062","5,463,141,420","622,505",액션,15세이상관람가,일반영화
145,2019,167099,52267,mOAZGJQ,사바하,장재현,"(주)외유내강,(주)필름케이",,(주)씨제이이엔엠,2019.2.20,개봉영화,장편,한국,"1,174","20,002,183,194","2,397,792","5,593,443,364","654,182",미스터리,15세이상관람가,일반영화
146,2019,96951,54158,m5rwLXm,타짜: 원 아이드 잭,권오광,"(주)싸이더스,(주)엠씨엠씨,(주)비에이엔터테인먼트",,롯데컬처웍스(주)롯데엔터테인먼트,2019.9.11,개봉영화,장편,한국,"1,429","19,673,441,214","2,227,671","4,585,277,834","513,548",범죄,청소년관람불가,일반영화
147,2019,66728,52300,mOgoNMO,알리타: 배틀 엔젤,로버트 로드리게즈,,이십세기폭스코리아(주),"월트디즈니컴퍼니코리아 유한책임회사,이십세기폭스코리아(주)",2019.2.5,개봉영화,장편,미국,"1,043","18,527,661,667","1,949,372","5,508,845,197","540,123",액션,12세이상관람가,일반영화
148,2019,179159,53448,mObBeZz,신의 한 수: 귀수편,리건,"(주)메이스엔터테인먼트,(주)아지트필름",,(주)씨제이이엔엠,2019.11.7,개봉영화,장편,한국,"1,246","18,390,955,050","2,146,764","4,084,690,170","463,426",범죄,15세이상관람가,일반영화
149,2019,164172,51955,mOVvP6Y,내안의 그놈,강효진,"(주)에코필름,(주)전망좋은 영화사",,"(주)메리크리스마스,TCO(주)더콘텐츠온",2019.1.9,개봉영화,장편,한국,"1,041","16,293,580,567","1,901,684","3,159,829,257","357,691",판타지,15세이상관람가,일반영화
150,2019,180351,54976,mOgKbaY,변신,김홍선,(주)다나크리에이티브,,(주)에이스메이커무비웍스,2019.8.21,개봉영화,장편,한국,975,"15,417,922,925","1,804,112","3,329,066,895","375,676",공포(호러),15세이상관람가,일반영화